1;1;Черный чехол для галстука;350;;ACE GENE;10081-01;Чехол изготовлен из нейлона. Имеет размеры 8х12х8.;Япония
2;1;Черный чехол для одежды;500;;ACE GENE;10084-01;Чехол изготовлен из нейлона. Имеет размеры 39х29х4;Япония
3;1;Черный чехол для галстука;350;;ACE GENE;10088-01;Чехол изготовлен из нейлона. Имеет размеры 18х10х6.;Япония
4;1;Черный чехол для одежды;500;;ACE GENE;10091-01;Чехол изготовлен из нейлона. Имеет размеры36х25х8;Япония
5;2;Черная косметичка;500;;ACE GENE;10082-01;Косметичка имеет размеры 17х10х5;Япония
6;3;Черный портфель;2000;;ACE GENE;10026-01;Портфель изготовлен из нейлона. Имеет размеры 37x27x2;Япония
7;3;Черный портфель;3000;;ACE GENE;10053-01;Портфель изготовлен из нейлона.;Япония
8;3;Черный портфель;2000;;ACE GENE;10061-01;Портфель изготовлен из нейлона.;Япония
9;3;Черный портфель;3000;;ACE GENE;10071-01;Портфель изготовлен из нейлона. Имеет размеры 55x49x6;Япония
10;3;Черный портфель;2000;;ACE GENE;10093-01;Портфель изготовлен из нейлона.;Япония
11;3;Черный портфель;1500;;ACE GENE;10097-01;Портфель изготовлен из нейлона. Имеет размеры 33x27x7;Япония
12;3;Черный портфель;10000;;ACE GENE;30923-01;Портфель изготовлен из натуральной кожи;Япония
13;3;Черный портфель;10000;;ACE GENE;30924-01;Портфель изготовлен из натуральной кожи;Япония
14;5;Черный портплед;7500;;ACE GENE;28774-01;Портплед изготовлен из нейлона. Имеет размеры 55x42x7. Вес-1170гр;Япония
15;5;Черный портплед;8000;;ACE GENE;45814-01;Портплед изготовлен из нейлона. Имеет размеры 55x44x7;Япония
16;5;Черный портплед;6000;;ACE GENE;48166-01;Портплед изготовлен из нейлона. Имеет размеры 55x49x6. Вес-760гр;Япония
17;5;Черный портплед;5000;;ACE GENE;65118-01;Портплед изготовлен из нейлона. ;Япония
18;6;Бежевый портплед;1000;;PROGRES;20080-05;Размеры 55x49x6;Япония
19;6;Розовый портплед;1000;;PROGRES;20080-11 PROGRES;Размеры 55x49x6;Япония
20;6;Голубой Портплед;1000;;PROGRES;20080-15;Размеры 55x49x6;Япония
21;8;Черный рюкзак;5000;;ACE GENE;48167-01;Рюкзак изготовлен из нейлона. Имеет размеры 30х41х11;Япония
22;9;Черный рюкзак;950;;ACE;331251-01;Рюкзак имеет ортопедическую съемную вставку. Размеры 25х34х14;Япония
23;9; Рюкзак цвета хаки;950;;ACE;331251-04;Рюкзак имеет ортопедическую съемную вставку. Размеры 25х34х14;Япония
24;9;Бежевый рюкзак;950;;ACE;331251-05 ;Рюкзак имеет ортопедическую съемную вставку. Размеры 25х34х14;Япония
25;9;Красный рюкзак;950;;ACE;331251-10;Рюкзак имеет ортопедическую съемную вставку. Размеры 25х34х14;Япония
26;9;Голубой рюкзак;950;;ACE;331251-15;Рюкзак имеет ортопедическую съемную вставку. Размеры 25х34х14;Япония
27;9;Черный рюкзак;950;;ACE;331252-01;Рюкзак имеет ортопедическую съемную вставку. Размеры 28х38х14,5;Япония
28;9;Рюкзак цвета хаки;950;;ACE;331252-04 ;Рюкзак имеет ортопедическую съемную вставку. Размеры 28х38х14,5;Япония
29;9;Бежевый рюкзак;950;;ACE;331252-05 ;Рюкзак имеет ортопедическую съемную вставку. Размеры 28х38х14,5;Япония
30;9;Красный рюкзак;950;;ACE;331252-10 ;Рюкзак имеет ортопедическую съемную вставку. Размеры 28х38х14,5;Япония
31;9;Голубой рюкзак;950;;ACE;331252-15 ;Рюкзак имеет ортопедическую съемную вставку. Размеры 28х38х14,5;Япония
32;9;Рюкзак цвета хаки;950;;ACE;331253-04;Рюкзак имеет ортопедическую съемную вставку. Размеры 30х42х17;Япония
33;9;Бежевый рюкзак;950;;ACE;331253-05;Рюкзак имеет ортопедическую съемную вставку. Размеры 30х42х17;Япония
34;9;Голубой рюкзак;950;;ACE;331253-15;Рюкзак имеет ортопедическую съемную вставку. Размеры 30х42х17;Япония
35;10;Желтый рюкзак;900;;Athlete;70021-13 ;;Япония
36;10;Красный рюкзак;900;;Athlete;70031-10 ;;Япония
37;10;Розовый рюкзак;900;;Athlete;70031-11 ;;Япония
38;10;Оранжевый рюкзак;900;;Athlete;70031-14;;Япония
39;10;Красный рюкзак;900;;Athlete;70032-10;;Япония
40;10;Розовый рюкзак;900;;Athlete;70032-11 ;;Япония
41;10;Оранжевый рюкзак;900;;Athlete;70032-14 ;;Япония
42;10;Голубой рюкзак;900;;Athlete;70032-15;;Япония
43;10;Рюкзак цвета хаки;900;;Athlete;70041-04 ;;Япония
44;10;Красный рюкзак;900;;Athlete;70041-10 ;;Япония
45;10;Розовый рюкзак;900;;Athlete;70041-11 ;;Япония
46;10;Желтый рюкзак;900;;Athlete;70041-13 ;;Япония
47;10;Голубой рюкзак;900;;Athlete;70041-15 ;;Япония
48;10;Рюкзак цвета хаки;900;;Athlete;70042-04 ;;Япония
49;10;Красный рюкзак;900;;Athlete;70042-10 ;;Япония
50;10;Розовый рюкзак;900;;Athlete;70042-11 ;;Япония
51;10;Желтый рюкзак;900;;Athlete;70042-13;;Япония
52;10;Голубой рюкзак;900;;Athlete;70042-15;;Япония
53;10;Красный рюкзак;900;;Athlete;70051-10;;Япония
54;10;Оранжевый рюкзак;900;;Athlete;70051-14;;Япония
55;10;Голубой рюкзак;900;;Athlete;70051-15 ;;Япония
56;10;Рюкзак цвета хаки;900;;Athlete;70052-04 ;;Япония
57;10;Красный рюкзак;900;;Athlete;70052-10;;Япония
58;10;Розовый рюкзак;900;;Athlete;70052-11;;Япония
59;10;Оранжевый рюкзак;900;;Athlete;70052-14 ;;Япония
60;10;Голубой рюкзак;900;;Athlete;70052-15;;Япония
61;10;Рюкзак цвета хаки;900;;Athlete;70053-04 ;;Япония
62;10;Красный рюкзак;900;;Athlete;70053-10 ;;Япония
63;10;Розовый рюкзак;900;;Athlete;70053-11;;Япония
64;10;Оранжевый рюкзак;900;;Athlete;70053-14 ;;Япония
65;10;Голубой рюкзак;900;;Athlete;70053-15;;Япония
66;10;Черный рюкзак;900;;Athlete;70062-01;;Япония
67;10;Синий рюкзак;900;;Athlete;70062-03 ;;Япония
68;10;Серый рюкзак;900;;Athlete;70062-09 ;;Япония
69;10;Красный рюкзак;900;;Athlete;70062-10 ;;Япония
70;10;Красный рюкзак;900;;Athlete;70063-10 ;;Япония
71;11;Черный рюкзак;2300;;PROGRES;20023-01;Одно основное отделение, три кармана на молнии и два сбоку, мягкая спинка. В рюкзак можно попасть сверху и сбоку очень удобно! Изготовлен из нейлона и полиэстера. Размер 28x37x14. Объем 14,5.;Япония
72;11;Бежевый рюкзак;2300;;PROGRES;20023-05;Одно основное отделение, три кармана на молнии и два сбоку, мягкая спинка. В рюкзак можно попасть сверху и сбоку очень удобно! Изготовлен из нейлона и полиэстера. Размер 28x37x14. Объем 14,5.;Япония
73;11;Красный рюкзак;2300;;PROGRES;20023-10;Одно основное отделение, три кармана на молнии и два сбоку, мягкая спинка. В рюкзак можно попасть сверху и сбоку очень удобно! Изготовлен из нейлона и полиэстера. Размер 28x37x14. Объем 14,5.;Япония
74;13;Черная дорожная сумка;1200;;ACE GENE;10087-01 ;;Япония
75;13;Черная дорожная сумка;3500;;ACE GENE;45801-01;Сумка изготовлена из нейлона. Размеры 18x23x8;Япония
76;13;Черная дорожная сумка;3500;;ACE GENE;45802-01;Сумка изготовлена из нейлона. Размеры 28x20x10;Япония
77;13;Черная дорожная сумка;3000;;ACE GENE;48162-01;Сумка изготовлена из нейлона. Размеры 26x19x8. Вес 760 гр.;Япония
78;13;Черная дорожная сумка;4000;;ACE GENE;48164-01 ;Сумка изготовлена из нейлона. Размеры 27x20x8. Вес 360 гр.;Япония
79;13;Черная дорожная сумка;5000;;ACE GENE;48168-01 ;Сумка изготовлена из нейлона. Размеры 38x28x9. Вес 590 гр.;Япония
80;13;Черная дорожная сумка;5000;;ACE GENE;48169-01 ;Сумка изготовлена из нейлона. Размеры 41x31x12. Вес 680 гр.;Япония
81;13;Черная дорожная сумка;6000;;ACE GENE;48171-01;Сумка изготовлена из нейлона. Размеры 40x30x14-18. Вес-820гр;Япония
82;13;Черная дорожная сумка;4000;;ACE GENE;48173-01 ;Сумка изготовлена из нейлона. Размеры 26x33x9;Япония
83;13;Черная дорожная сумка;5400;;ACE GENE;48174-01;Сумка изготовлена из нейлона. Размеры 30x35x10;Япония
84;13;Черная дорожная сумка (колеса);4500;;ACE GENE;65227-01 ;;Япония
85;14;Синяя школьная сумка;300;;Athlete;70003-03 ;;Япония
86;14;Красная школьная сумка;300;;Athlete;70003-10 ;;Япония
87;14;Школьная сумка цвета хаки;300;;Athlete;70013-04 ;;Япония
88;14;Бежевый школьная сумка;300;;Athlete;70013-05 ;;Япония
89;14;Голубой школьная сумка;300;;Athlete;70013-15 ;;Япония
90;14;Розовая школьная сумка;1400;;Athlete;70023-11 ;;Япония
91;14;Желтая школьная сумка;1400;;Athlete;70023-13 ;;Япония
92;14;Голубая школьная сумка;1400;;Athlete;70023-15 ;;Япония
93;14;Розовая школьная сумка;1500;;Athlete;70024-11 ;;Япония
94;14;Желтая школьная сумка;1500;;Athlete;70024-13 ;;Япония
95;14;Голубая школьная сумка;1500;;Athlete;70024-15 ;;Япония
96;15;Поясная сумка цвета хаки;200;;Athlete;70014-04 ;;Япония
97;15;Бежевая поясная сумка;200;;Athlete;70014-05 ;;Япония
98;15;Красная поясная сумка;200;;Athlete;70014-10 ;;Япония
99;15;Розовая поясная сумка;200;;Athlete;70014-11 ;;Япония
100;15;Голубая поясная сумка;200;;Athlete;70014-15;;Япония
101;16;Бордовая поясная сумка;1000;;PROGRES;20091-11 ;Сумка изготовлена из нейлона и кожи. Размеры - 20x13x5. Объем - 1,3.;Япония
102;17;Красная дорожная сумка;1200;;PROGRES;01231080-10 ;Сумка имеет размеры 16x23x8;Япония
103;17;Красная дорожная сумка;1200;;PROGRES;01231081-10 ;Сумка имеет размеры 20x25x8;Япония
104;17;Красная дорожная сумка (на пояс);1200;;PROGRES;01231083-10 ;Сумка имеет размеры 26x16x7;Япония
105;17;Бежевая дорожная сумка;2700;;PROGRES;01231087-05 ;Сумка изготовлена из нейлона. Размеры - 45x33x20. Объем - 29,5.;Япония
106;17;Черная дорожная сумка ;5000;;PROGRES;01231088-01 ;Сумка изготовлена из нейлона. Размеры 48x33x25. Объем - 39,5.;Япония
107;17;Бежевая дорожная сумка;5000;;PROGRES;01231088-05 ;Сумка изготовлена из нейлона. Размеры 48x33x25. Объем - 39,5.;Япония
108;17;Сумка повседневная складная цвета хаки;2000;;PROGRES;02024-04 ;Сумка изготовлена из нейлона. Размеры - 29x30x14. Объем - 12,2.;Япония
109;17;Оранжевая повседневная складная сумка;2000;;PROGRES;02024-14 ;Сумка изготовлена из нейлона. Размеры - 29x30x14. Объем - 12,2.;Япония
110;17;Повседневная складная сумка цвета хаки;1800;;PROGRES;02025-04 ;Сумка изготовлена из нейлона. Размеры - 27x34x12. Объем - 11.;Япония
111;17;Оранжевая повседневная складная сумка;1800;;PROGRES;02025-14 ;Сумка изготовлена из нейлона. Размеры - 27x34x12. Объем - 11.;Япония
112;17;Черная дорожная сумка ;2100;;PROGRES;20022-01 ;Сумка имеет одно основное отделение и четыре кармана на молнии, плечевой ремень. Изготовлена из нейлона и полиэстера. Размеры - 31x21x11. Объем - 7,2.;Япония
113;17;Бежевая дорожная сумка;2100;;PROGRES;20022-05 ;Сумка имеет одно основное отделение и четыре кармана на молнии, плечевой ремень. Изготовлена из нейлона и полиэстера. Размеры - 31x21x11. Объем - 7,2.;Япония
114;17;Красная дорожная сумка;2100;;PROGRES;20022-10 ;Сумка имеет одно основное отделение и четыре кармана на молнии, плечевой ремень. Изготовлена из нейлона и полиэстера. Размеры - 31x21x11. Объем - 7,2.;Япония
115;17;Бежевая дорожная сумка;2400;;PROGRES;20024-05 ;Сумка имеет одно основное отделение и три кармана на молнии, плечевой ремень. Изготовлена из нейлона и полиэстера. Размеры - 38x26x15. Объем - 15.;Япония
116;17;Красная дорожная сумка;2400;;PROGRES;20024-10 ;Сумка имеет одно основное отделение и три кармана на молнии, плечевой ремень. Изготовлена из нейлона и полиэстера. Размеры - 38x26x15. Объем - 15.;Япония
117;17;Бежевая дорожная сумка;2600;;PROGRES;20025-05 ;Сумка имеет одно основное отделение и четыре кармана на молнии, плечевой ремень. Изготовлена из нейлона и полиэстера. Размеры - 43x29x18. Объем - 22,5.;Япония
118;17;Красная дорожная сумка;2600;;PROGRES;20025-10 ;Сумка имеет одно основное отделение и четыре кармана на молнии, плечевой ремень. Изготовлена из нейлона и полиэстера. Размеры - 43x29x18. Объем - 22,5.;Япония
119;17;Бежевая дорожная сумка;3000;;PROGRES;20045-09 ;Сумка имеет одно основное отделение и два кармана на молнии и два сбоку, косметичку, плечевой ремень. Изготовлена из нейлона. Размеры - 43x28x18. Объем - 22.;Япония
120;17;Бордовая повседневная сумка;1200;;PROGRES;20092-11 ;Сумка изготовлена из нейлона и кожи. Размеры - 26x17x8. Объем - 3,5.;Япония
121;17;Черная дорожная сумка ;2000;;PROGRES;20094-01 ;Сумка изготовлена из нейлона и кожи. Размеры - 38x27x20. Объем - 20,5.;Япония
122;17;Бежевая дорожная сумка;2000;;PROGRES;20094-05 ;Сумка изготовлена из нейлона и кожи. Размеры - 38x27x20. Объем - 20,5.;Япония
123;17;Бордовая дорожная сумка;2000;;PROGRES;20094-11 ;Сумка изготовлена из нейлона и кожи. Размеры - 38x27x20. Объем - 20,5.;Япония
124;17;Черная дорожная сумка ;2500;;PROGRES;20095-01 ;Сумка изготовлена из нейлона и кожи. Размеры - 42x29x20. Объем - 24,5.;Япония
125;17;Бежевая дорожная сумка;2500;;PROGRES;20095-05 ;Сумка изготовлена из нейлона и кожи. Размеры - 42x29x20. Объем - 24,5.;Япония
126;17;Бордовая дорожная сумка;2500;;PROGRES;20095-11 ;Сумка изготовлена из нейлона и кожи. Размеры - 42x29x20. Объем - 24,5.;Япония
127;17;Черная сумка;4500;;PROGRES;231534-01 ;Сумка имеет размеры 35x27x16. Объем - 15,2.;Япония
128;17;Синяя сумка;4500;;PROGRES;231534-03 ;Сумка имеет размеры 35x27x16. Объем - 15,2.;Япония
129;17;Черная сумка;5500;;PROGRES;231535-01 ;Сумка имеет размеры 40x35x19. Объем - 15,2.;Япония
130;17;Синяя сумка;5500;;PROGRES;231535-03 ;Сумка имеет размеры 40x35x19. Объем - 15,2.;Япония
131;17;Черная сумка;5000;;PROGRES;231536-01 ;Сумка имеет размеры 40x27x16. Объем - 17,3.;Япония
132;17;Синяя сумка;5000;;PROGRES;231536-03 ;Сумка имеет размеры 40x27x16. Объем - 17,3.;Япония
133;17;Черная сумка;6000;;PROGRES;231537-01 ;Сумка имеет размеры 45x26x18. Объем - 21.;Япония
134;17;Синяя сумка;6000;;PROGRES;231537-03 ;Сумка имеет размеры 45x26x18. Объем - 21.;Япония
135;17;Бежевая сумка;2400;;PROGRES;233153-05 ;Сумка изготовлена из нейлона и экокожи. Размеры - 30x20x10. Объем - 6.;Япония
136;17;Бежевая сумка;2900;;PROGRES;233154-05 ;Сумка изготовлена из нейлона и экокожи. Размеры - 35x22x12. Объем - 9,2.;Япония
137;17;Бордовая сумка;2900;;PROGRES;233154-07 ;Сумка изготовлена из нейлона и экокожи. Размеры - 35x22x12. Объем - 9,2.;Япония
138;17;Бежевая сумка;3600;;PROGRES;233155-05 ;Сумка изготовлена из нейлона и экокожи. Размеры - 38x30x15. Объем - 17,1.;Япония
139;17;Бордовая сумка;3600;;PROGRES;233155-07 ;Сумка изготовлена из нейлона и экокожи. Размеры - 38x30x15. Объем - 17,1.;Япония
140;17;Бежевая сумка;3900;;PROGRES;233156-05 ;Сумка изготовлена из нейлона и экокожи. Размеры - 42x28x16. Объем - 18,8.;Япония
141;17;Бордовая сумка;3900;;PROGRES;233156-07 ;Сумка изготовлена из нейлона и экокожи. Размеры - 42x28x16. Объем - 18,8.;Япония
142;17;Бежевая сумка;4500;;PROGRES;233157-05 ;Сумка изготовлена из нейлона и экокожи. Размеры - 46x27x17. Объем - 21,1.;Япония
143;17;Черная повседневная сумка;1200;;PROGRES;25084-01 ;Сумка изготовлена из нейлона. Размеры - 26x19x10. Объем - 5.;Япония
144;17;Черная повседневная сумка;1200;;PROGRES;25087-01 ;Сумка изготовлена из нейлона. Размеры - 30x28x16. Объем - 13,5.;Япония
145;17;Черная дорожная сумка;1400;;PROGRES;25088-01 ;Сумка изготовлена из нейлона. Размеры - 40x28x15. Объем - 16,8.;Япония
146;17;Черная дорожная сумка;1800;;PROGRES;25089-01 ;Сумка изготовлена из нейлона. Размеры - 45x30x20. Объем - 27.;Япония
147;17;Черная дорожная сумка;2000;;PROGRES;25090-01 ;Сумка изготовлена из нейлона. Размеры - 50x33x23. Объем - 38.;Япония
148;17;Черная сумка;4500;;PROGRES;28331-01 ;Сумка имеет размеры 21x23x6. Объем - 2,9.;Япония
149;17;Черная сумка;6000;;PROGRES;28333-01 ;Сумка имеет размеры 30x23x12. Объем - 8,3.;Япония
150;17;Черная сумка;7000;;PROGRES;28335-01 ;Сумка имеет размеры 36x28x15. Объем - 15.;Япония
151;17;Черная сумка;7000;;PROGRES;28336-01 ;Сумка имеет размеры 42x30x16. Объем - 20.;Япония
152;17;Золотисто-коричневая сумка;7000;;PROGRES;28336-05 ;Сумка имеет размеры 42x30x16. Объем - 20.;Япония
153;17;Черная сумка;7000;;PROGRES;28337-01 ;Сумка имеет размеры 47x33x20. Объем - 31.;Япония
154;17;Черный саквояж;6500;;PROGRES;28571-01 ;Сумка имеет размеры 34x32x12. Объем - 13.;Япония
155;17;Зеленый саквояж;6500;;PROGRES;28571-04 ;Сумка имеет размеры 34x32x12. Объем - 13.;Япония
156;17;Черный саквояж;7000;;PROGRES;28573-01 ;Сумка имеет размеры 38x34x15. Объем - 29,5.;Япония
157;17;Зеленый саквояж;7000;;PROGRES;28573-04 ;Сумка имеет размеры 38x34x15. Объем - 29,5.;Япония
158;17;Черный саквояж;6000;;PROGRES;28574-01 ;Сумка имеет размеры 42x36x20. Объем - 30.;Япония
159;17;Бежевая сумка;3000;;PROGRES;28751-05 ;Сумка имеет размеры 27x17x8. Объем - 3,6.;Япония
160;17;Синяя сумка;5000;;PROGRES;28752-03;Сумка имеет размеры 48x40x14. Объем - 26,5.;Япония
161;17;Бежевая сумка;5000;;PROGRES;28752-05 ;Сумка имеет размеры 48x40x14. Объем - 26,5.;Япония
162;17;Бежевая сумка;7000;;PROGRES;28753-05 ;Сумка имеет размеры 40x33x19. Объем - 25.;Япония
163;17;Бежевая сумка;7000;;PROGRES;28754-05 ;Сумка имеет размеры 58x36x19. Объем - 43.;Япония
164;17;Синяя сумка;7000;;PROGRES;28755-03 ;Сумка имеет размеры 46x30x20. Объем - 27,5.;Япония
165;17;Бежевая сумка;7000;;PROGRES;28755-05 ;Сумка имеет размеры 46x30x20. Объем - 27,5.;Япония
166;17;Черная сумка;2500;;PROGRES;28761-01 ;Сумка имеет размеры 26x25x3. Объем - 2.;Япония
167;17;Сиреневая сумка;2500;;PROGRES;28761-07 ;Сумка имеет размеры 26x25x3. Объем - 2.;Япония
168;17;Черная сумка;3000;;PROGRES;28762-01 ;Сумка имеет размеры 27x19x8. Объем - 4.;Япония
169;17;Сиреневая сумка;3000;;PROGRES;28762-07 ;Сумка имеет размеры 27x19x8. Объем - 4.;Япония
170;17;Черная сумка;3500;;PROGRES;28763-01 ;Сумка имеет размеры 26x27x8. Объем - 5,5.;Япония
171;17;Сиреневая сумка;3500;;PROGRES;28763-07 ;Сумка имеет размеры 26x27x8. Объем - 5,5.;Япония
172;17;Коричневая дорожная сумка (колеса);5500;;PROGRES;48236-08 ;Сумка имеет размеры 38x30x19 или 47x30x23. Объем - от 22 до 32.;Япония
173;17;Коричневая дорожная сумка (колеса);6000;;PROGRES;48237-08 ;Сумка имеет размеры 40x33x20 или 41x40x20. Объем - от 26 до 33.;Япония
174;17;Черная дорожная сумка (колеса);6500;;PROGRES;51116-01 ;Сумка изготовлена из полиэстера. Размеры - 44/36х35х20. Объем - 25.;Япония
175;17;Зеленая дорожная сумка (колеса);6500;;PROGRES;51116-04 ;Сумка изготовлена из полиэстера. Размеры - 44/36х35х20. Объем - 25.;Япония
176;17;Черная дорожная сумка (колеса);6500;;PROGRES;51117-01 ;Сумка изготовлена из полиэстера. Размеры - 50/44х35х24. Объем - 37.;Япония
177;17;Зеленая дорожная сумка (колеса);6500;;PROGRES;51117-04 ;Сумка изготовлена из полиэстера. Размеры - 50/44х35х24. Объем - 37.;Япония
178;19;Черный чемодан;4000;;ACE GENE;10076-01;;Япония
179;19;Черный чемодан;10000;;ACE GENE;30920-01 ;;Япония
180;19;Черный чемодан;9000;;ACE GENE;45821-01 ;Чемодан изготовлен из нейлона. Имеет 2 колеса. Размеры - 40x35x22 / 41x37x24;Япония
181;19;Черный чемодан;8000;;ACE GENE;45823-01;Чемодан изготовлен из нейлона. Имеет 4 колеса. Размеры - 43x40x24. Объем - 41.;Япония
182;19;Черный чемодан;8000;;ACE GENE;48526-01 ;Чемодан изготовлен из полиэстера. Имеет 2 колеса. Размеры - 40х36х22/27, объем - 32/39 или 41x40x24/29, объем - 41/47. Вес - 2,7.;Япония
183;19;Черный чемодан;7500;;ACE GENE;48527-01 ;Чемодан изготовлен из полиэстера. Имеет 4 колеса. Размеры - 41х36х22, объем - 32,5 с увеличением 42x40x25, объем - 42. Вес - 3,1.;Япония
184;19;Черный чемодан;7500;;ACE GENE;48528-01 ;Чемодан изготовлен из полиэстера. Имеет 4 колеса. Размеры - 45x36x22, объем - 36 с увеличением 46х40х25, объем - 46. Вес - 3,2.;Япония
185;19;Черный чемодан;3500;;ACE GENE;65119-01 ;Чемодан изготовлен из нейлона. Имеет 2 колеса, колеса можно отсоединить. Размеры - 42x33x17. ;Япония
186;19;Черный чемодан;3500;;ACE GENE;65120-01 ;Чемодан изготовлен из нейлона. Имеет 2 колеса, колеса можно отсоединить. Размеры - 49x35x18. ;Япония
187;19;Черный чемодан;4500;;ACE GENE;65130-01 ;Чемодан изготовлен из нейлона. Имеет 2 колеса. Размеры - 43x34x21. ;Япония
188;19;Черный чемодан;5000;;ACE GENE;65134-01 ;Чемодан изготовлен из нейлона. Имеет 2 колеса. Размеры - 55x38x23. ;Япония
189;19;Черный чемодан;5500;;ACE GENE;65135-01 ;Чемодан изготовлен из нейлона. Имеет 2 колеса. Размеры - 60x42x24. ;Япония
190;19;Черный чемодан;7500;;ACE GENE;65143-01 ;;Япония
191;19;Черный чемодан;7500;;ACE GENE;65144-01 ;;Япония
192;20;Бежевый чемодан;7000;;PROGRES;236003-05;Чемодан изготовлен из нейлона и экокожи. Размеры - 51x34x24. Объем - 41,6.;Япония
193;20;Бежевый чемодан;7500;;PROGRES;28756-05;Чемодан изготовлен из нейлона и экокожи. Размеры - 43x34x21. Объем - 30,5.;Япония
194;22;Черный кошелек ;300;;Athlete;0199941-1-01;;Япония
195;22;Оранжевый кошелек;300;;Athlete;0199941-1-14;;Япония
196;22;Синий кошелек;300;;Athlete;0199941-1-15 ;;Япония
197;22;Черный кошелек ;300;;Athlete;0199941-2-01 ;;Япония
198;22;Оранжевый кошелек;300;;Athlete;0199941-2-14 ;;Япония
199;22;Синий кошелек;300;;Athlete;0199941-2-15;;Япония
200;22;Серый кошелек;300;;Athlete;0199943-9-09;;Япония
201;22;Черный портмоне;300;;Athlete;60091-01 ;;Япония
202;22;Черный портмоне;300;;Athlete;60092-01;;Япония
203;22;Серый портмоне;300;;Athlete;60092-09 ;;Япония
204;22;Черный портмоне;300;;Athlete;60094-01;;Япония
205;22;Серый портмоне;300;;Athlete;60094-09;;Япония
206;22;Черный портмоне;300;;Athlete;60095-01;;Япония
207;22;Серый портмоне;300;;Athlete;60095-09 ;;Япония
208;22;Черный портмоне;300;;Athlete;60097-01 ;;Япония
209;22;Серый портмоне;300;;Athlete;60098-09;;Япония
210;22;Портмоне цвета хаки;300;;Athlete;60132-04 ;;Япония
211;22;Серый портмоне;300;;Athlete;60132-09 ;;Япония
212;22;Красный портионе;300;;Athlete;60132-10;;Япония
213;22;Оранжевый портмоне;300;;Athlete;60132-14 ;;Япония
214;22;Портмоне цвета хаки;300;;Athlete;60133-04;;Япония
215;22;Серый портмоне;300;;Athlete;60133-09 ;;Япония
216;22;Красный портионе;300;;Athlete;60133-10 ;;Япония
217;22;Черный портмоне;300;;Athlete;60134-01;;Япония
218;22;Портмоне цвета хаки;300;;Athlete;60134-04 ;;Япония
219;22;Серый портмоне;300;;Athlete;60134-09;;Япония
220;22;Красный портионе;300;;Athlete;60134-10;;Япония
221;22;Оранжевый портмоне;300;;Athlete;60134-14;;Япония
222;22;Портмоне цвета хаки;300;;Athlete;60135-04 ;;Япония
223;22;Серый портмоне;300;;Athlete;60135-09 ;;Япония
224;22;Красный портионе;300;;Athlete;60135-10;;Япония
225;22;Оранжевый портмоне;300;;Athlete;60135-14;;Япония
226;22;Розовый портмоне;300;;Athlete;60141-11 ;;Япония
227;22;Серый портмоне;300;;Athlete;60142-09 ;;Япония
228;22;Розовый портмоне;300;;Athlete;60142-11;;Япония
229;22;Черный портмоне;300;;Athlete;60143-01 ;;Япония
230;22;Серый портмоне;300;;Athlete;60143-09 ;;Япония
231;22;Розовый портмоне;300;;Athlete;60143-11 ;;Япония
232;22;Черный портмоне;300;;Athlete;60144-01 ;;Япония
233;22;Серый портмоне;300;;Athlete;60144-09;;Япония
234;22;Розовый портмоне;300;;Athlete;60144-11;;Япония
235;22;Розовый портмоне;300;;Athlete;60145-11;;Япония
236;23; Кошелек детский цвета хаки;200;;Athlete;70018-04;;Япония
237;23; Бежевый кошелек детский;200;;Athlete;70018-05;;Япония
238;23;Красный кошелек детский;200;;Athlete;70018-10;;Япония
239;23;Розовый кошелек детский;200;;Athlete;70018-11;;Япония
240;23;Голубой кошелек детский;200;;Athlete;70018-15 ;;Япония
